,ST,ST_conf
rcp,0.27991837891253324,0.03338072829675158
gcm,1.0035495294464518,0.08608476278497319
lulc,0.04337601322346906,0.013506127261420172
