,ST,ST_conf
rcp,0.2960043764541199,0.03103676697237299
gcm,1.009974036144832,0.06909360756980007
lulc,0.051672735002173155,0.014484376811754508
