,median,stdev,observed
0,2154.1294260761374,773.8737303233709,859.1768401779742
