,ST,ST_conf
rcp,0.303855941534111,0.034626513818764054
gcm,1.0118479084066094,0.06551819077569904
lulc,0.004508003197367122,0.004654835721500891
