,ST,ST_conf
rcp,0.28441542935738795,0.039828890617280704
gcm,1.0357465182730412,0.0738366495925737
lulc,0.005691161960955863,0.004434139213975112
