,ST,ST_conf
rcp,0.27489393232269876,0.03630527795550234
gcm,0.9798178676294418,0.06716453724515299
lulc,0.0029261424187591134,0.002939293959380793
