,ST,ST_conf
rcp,0.46195437299815034,0.060590755801904414
gcm,0.9200601334917644,0.07237354601898005
lulc,0.00010324522095048277,8.423339641210384e-05
