,ST,ST_conf
rcp,0.5844738087494724,0.06545850349781998
gcm,0.9476979979074549,0.07362742818402142
lulc,0.15929348332916365,0.03267083205222414
