,ST,ST_conf
rcp,0.5670086888495006,0.0559582992284368
gcm,0.915468715969981,0.0681445666216337
lulc,0.15931137124267336,0.03326887011717253
