,ST,ST_conf
rcp,0.5374936289083297,0.049603236404544476
gcm,0.9705567159194615,0.09227788215739564
lulc,0.10652969873841116,0.024223659726771353
