,median,stdev,observed
0,0.6808157860401239,0.03069500722882774,0.6609135523900823
