,median,stdev,observed
0,0.8709665222925871,0.057762238147117236,0.8939482410671031
