,median,stdev,observed
0,154739.29670163387,32754.261180179663,105372.42804034904
