,ST,ST_conf
rcp,0.5849200256625591,0.06524553517418506
gcm,0.8804628017821564,0.06748455802804594
lulc,0.15237483301496005,0.035531406862535704
